{
	"TO_IA_POS_ZONE1_PRED_ZONE1": [
	  3.7949303406510237,
	  3.786031023323831,
	  3.813410966903366,
	  3.456191395939663,
	  3.414571655943294,
	  3.116128322671461,
	  3.2818027576065867,
	  3.0376005034494984,
	  -1.7243241866337184
	],
	"TO_IA_POS_ZONE1_PRED_ZONE2": [
	  0.5155286593102271,
	  0.9074935965840811,
	  -1.8766728180612573,
	  1.1984985073847922,
	  0.7341153907477983,
	  1.1008133718800135,
	  3.511647092126383,
	  3.7935400029051607,
	  -1.4508331090372537
	],
	"TO_IA_POS_ZONE1_PRED_ZONE3": [
	  -1.9999999574138898,
	  -1.9999999999999938,
	  -1.999999835601528,
	  -1.999999999217488,
	  -1.9999999996013043,
	  -1.9999999999999993,
	  3.785158869046534,
	  3.5868401073374825,
	  -0.9127689551418166
	],
	"TO_IA_POS_ZONE1_PRED_ZONE4": [
	  -1.9999999999999978,
	  -1.9999999999999978,
	  -1.9999999999999987,
	  -1.9999999999999982,
	  -1.9999999999999978,
	  -1.9999999999999987,
	  3.6077299919112114,
	  3.7799000981766526,
	  -1.1911874300528058
	],
	"TO_IA_POS_ZONE1_PRED_ZONE5": [
	  -1.9999999999999902,
	  -1.9999999999999976,
	  -1.9999999999999978,
	  -1.9999999999999978,
	  -1.9999999999999978,
	  -1.9999999999999978,
	  3.7995511598712914,
	  3.6314013174770663,
	  -1.5363601708433083
	],
	"TO_IA_POS_ZONE1_PRED_ZONE6": [
	  -1.9999999999999996,
	  -1.9999999999999996,
	  -1.9999999999999996,
	  -1.9999999999999993,
	  -1.9999999999999996,
	  -1.9999999999999996,
	  3.7081892578695466,
	  3.792330193250891,
	  3.744595259307782
	],
	"TO_IA_POS_ZONE2_PRED_ZONE1": [
	  3.6110522508891214,
	  3.822329385156062,
	  3.626366833669642,
	  -1.9999999992225492,
	  -1.7518664052513682,
	  -1.9999999999999996,
	  -1.9999999999999996,
	  -1.9999999999999996,
	  -1.9999999999999996
	],
	"TO_IA_POS_ZONE2_PRED_ZONE2": [
	  3.541009955166396,
	  3.7859777861097497,
	  -1.8974904379530826,
	  2.504515827017489,
	  1.7513062558958268,
	  2.6385700308583164,
	  2.461232332971851,
	  1.740776806285468,
	  -1.9999999999999996
	],
	"TO_IA_POS_ZONE2_PRED_ZONE3": [
	  -0.26688674102459564,
	  -1.6075094887368637,
	  -1.986151762468585,
	  -0.4916406207644868,
	  -0.8332326047379119,
	  -0.9841897083110227,
	  3.3688479555838784,
	  3.7924254224536096,
	  -1.8269069133043163
	],
	"TO_IA_POS_ZONE2_PRED_ZONE4": [
	  -1.999921623381191,
	  -1.9999999999999978,
	  -1.9999999999999978,
	  -1.759609083799644,
	  -1.7018334861976299,
	  -1.7794412300167808,
	  3.5909341299641038,
	  3.7847095775821114,
	  -1.9032313471383397
	],
	"TO_IA_POS_ZONE2_PRED_ZONE5": [
	  -1.9999999999999993,
	  -1.9999999999999993,
	  -1.9999999999999996,
	  -1.9999999999999996,
	  -1.9999999999999996,
	  -1.9999999999999996,
	  3.801784252709783,
	  3.5893013844764674,
	  -1.041606264771285
	],
	"TO_IA_POS_ZONE2_PRED_ZONE6": [
	  -1.9999999999999996,
	  -1.9999999999999996,
	  -1.9999999999999996,
	  -1.9999999999999978,
	  -1.9999999999999993,
	  -1.9999999999999982,
	  3.7881608863809815,
	  3.6012844952469454,
	  3.614303510391946
	],
	"TO_IA_POS_ZONE3_PRED_ZONE1": [
	  3.174824135107681,
	  3.795660565937598,
	  3.7632690626416925,
	  -1.9999999999999987,
	  -1.9999999999999996,
	  -1.9999999999999996,
	  -1.9999999999999996,
	  -1.9999999999999996,
	  -1.9999999999999996
	],
	"TO_IA_POS_ZONE3_PRED_ZONE2": [
	  3.700834511669736,
	  3.803965010492989,
	  -1.5713246687431424,
	  -1.9999999999999978,
	  -1.9999999999999996,
	  -1.9999999999999978,
	  -1.9999999999999996,
	  -1.9999999999999996,
	  -1.9999999999999978
	],
	"TO_IA_POS_ZONE3_PRED_ZONE3": [
	  3.7980628878599996,
	  3.5103353180466734,
	  -1.7755702967749445,
	  3.3183640376080787,
	  3.3533819257379767,
	  3.4714422215919134,
	  3.416260077176961,
	  3.5025453028528326,
	  -1.9733167780291712
	],
	"TO_IA_POS_ZONE3_PRED_ZONE4": [
	  2.3734598791172488,
	  2.608589023317231,
	  -1.8293621912978424,
	  3.3979434629638297,
	  2.9112772897208816,
	  2.8416574162786,
	  3.438878397433882,
	  3.5383658205635347,
	  -1.9555921674887873
	],
	"TO_IA_POS_ZONE3_PRED_ZONE5": [
	  -1.9999999999999991,
	  -1.9999999999999978,
	  -1.9999999999999984,
	  -1.9999999999999993,
	  -1.8589711502894937,
	  -1.9999999999999978,
	  3.7941218395951575,
	  3.7676270675447525,
	  -0.89950776263593
	],
	"TO_IA_POS_ZONE3_PRED_ZONE6": [
	  -1.9999999999999996,
	  -1.9999999999999996,
	  -1.9999999999999996,
	  -1.9999999999999996,
	  -1.9999999999999993,
	  -1.9999999999999996,
	  3.791308262126646,
	  3.7710260866738357,
	  3.758510607757208
	],
	"TO_IA_POS_ZONE4_PRED_ZONE1": [
	  2.297560804412733,
	  3.795624829851385,
	  3.503839886160995,
	  -1.9999999999999978,
	  -1.9999999999987623,
	  -1.9999999999999978,
	  -1.9999999999999996,
	  -1.9999999999999996,
	  -1.9999999999999996
	],
	"TO_IA_POS_ZONE4_PRED_ZONE2": [
	  3.6935093810145725,
	  3.8024742838661383,
	  -1.3185907940982529,
	  -1.9999999999999996,
	  -1.9999999999999996,
	  -1.9999999999999996,
	  -1.9999999999999978,
	  -1.9999999999999996,
	  -1.9999999999999978
	],
	"TO_IA_POS_ZONE4_PRED_ZONE3": [
	  3.5560879087527644,
	  3.791849301614816,
	  -1.980786939662041,
	  -1.9999999999999996,
	  -1.9999999999999996,
	  -1.9999999999999996,
	  -1.9999999999999996,
	  -1.9665083536972674,
	  -1.9999999999999978
	],
	"TO_IA_POS_ZONE4_PRED_ZONE4": [
	  3.80021965016799,
	  3.493353804160165,
	  -1.7284626320003322,
	  0.5206029644581118,
	  -0.39378656214768115,
	  -0.9063459974718072,
	  -0.6700631069361036,
	  -0.07728254922549549,
	  -1.999929684293313
	],
	"TO_IA_POS_ZONE4_PRED_ZONE5": [
	  1.5676099946661115,
	  1.3136932495513751,
	  -1.999999999999999,
	  2.0991155810637645,
	  2.503297090588006,
	  3.4864945370196385,
	  3.7800978528719833,
	  3.790423050539566,
	  -1.8555052855403442
	],
	"TO_IA_POS_ZONE4_PRED_ZONE6": [
	  -1.9999999999999978,
	  -1.9999999999999996,
	  -1.9999999999999978,
	  -1.9999999954161525,
	  -1.9981427253920905,
	  -1.9998149469657538,
	  3.8014481822605797,
	  3.780606394332888,
	  3.5429953219093995
	],
	"TO_IA_POS_ZONE5_PRED_ZONE1": [
	  3.659487433938509,
	  3.7115461638149347,
	  3.7996566236382088,
	  -1.9999999999999987,
	  -1.999999999999999,
	  -1.9999999999999996,
	  -1.9999999999999996,
	  -1.9999999999999996,
	  -1.9999999999999996
	],
	"TO_IA_POS_ZONE5_PRED_ZONE2": [
	  3.7905920548367558,
	  3.7498537408796206,
	  -1.0475215615133386,
	  -1.9999999999999991,
	  -1.9999999999999978,
	  -1.999999999999999,
	  -1.9999999999999978,
	  -1.9999999999999978,
	  -1.9999999999999982
	],
	"TO_IA_POS_ZONE5_PRED_ZONE3": [
	  3.7880672147117167,
	  3.5254232218336408,
	  -1.6751277568183018,
	  -1.9999999999999978,
	  -1.9999999999999978,
	  -1.9999999999999978,
	  -1.9999999999999978,
	  -1.9999999969104196,
	  -1.9999999999999978
	],
	"TO_IA_POS_ZONE5_PRED_ZONE4": [
	  3.798229315155136,
	  3.4889546500284427,
	  -1.0820823032760312,
	  -1.9996762039275704,
	  -1.9999999999999871,
	  -1.999836529180527,
	  -1.999999999999994,
	  -1.9999999999999925,
	  -1.9999999999999256
	],
	"TO_IA_POS_ZONE5_PRED_ZONE5": [
	  3.801944762520829,
	  3.350792314595097,
	  -1.055067996540554,
	  2.67796812004876,
	  2.821107277794834,
	  2.6285232754881815,
	  3.012015833899684,
	  2.4869018090847237,
	  -1.558619972549399
	],
	"TO_IA_POS_ZONE5_PRED_ZONE6": [
	  1.9610052943654694,
	  0.4604325236103733,
	  -1.9999999999999978,
	  2.573516496773907,
	  2.3008468208391615,
	  2.9971888534329794,
	  3.8040238142961633,
	  3.7884259880475275,
	  3.785742402941589
	],
	"TO_IA_POS_ZONE6_PRED_ZONE1": [
	  3.175666743437148,
	  3.8020981368327433,
	  3.596290137220435,
	  -1.9999999999999993,
	  -1.9999999999999993,
	  -1.9999999999999993,
	  -1.9999999999999993,
	  -1.9999999999999993,
	  -1.9999999999999993
	],
	"TO_IA_POS_ZONE6_PRED_ZONE2": [
	  3.5381188058229314,
	  3.792220401785942,
	  -1.8886677942009116,
	  -1.9999999999999842,
	  -1.9999999999999978,
	  -1.9999999999999978,
	  -1.9999999999999978,
	  -1.9999999999999978,
	  -1.9999999999999978
	],