{
	"TO_IA_YES_PRE_UP_UP": [
	  2.8140732417281176,
	  2.9359668820257934,
	  2.0678712184800134,
	  0.9981383795909763,
	  0.9670036793510337,
	  1.0435251526842657,
	  0.9485439129736913,
	  0.9878417624001894,
	  0.9379973896307209
	],
	"TO_IA_YES_PRE_UP_CENTER": [
	  2.8786317958968333,
	  2.9278615363958997,
	  1.4954293680062432,
	  1.0237237731669235,
	  0.9754149283796034,
	  0.9928061433314682,
	  0.9639022391517517,
	  0.9442136230854971,
	  0.9424880050477122
	],
	"TO_IA_YES_PRE_UP_DOWN": [
	  2.940016816603179,
	  2.931420765678854,
	  1.3567381599055433,
	  0.9675845589857149,
	  0.9555136108095742,
	  0.9852060483819787,
	  0.9328163674955992,
	  0.9253431577388764,
	  0.9754047930629598
	],
	"TO_IA_YES_PRE_CENTER_UP": [
	  2.927517592471104,
	  2.9001373717419976,
	  2.499620633553873,
	  2.9330998550735057,
	  2.9232602790349285,
	  2.9215394554647487,
	  2.92342870954204,
	  2.887396462965875,
	  1.185909171488335
	],
	"TO_IA_YES_PRE_CENTER_CENTER": [
	  2.8348920204162766,
	  2.4844829728540203,
	  1.2121957610347118,
	  2.907288949344923,
	  2.91221319116246,
	  2.9348900304156555,
	  2.8588658380210017,
	  2.71132036536126,
	  1.5889625256992892
	],
	"TO_IA_YES_PRE_CENTER_DOWN": [
	  2.817287425856074,
	  2.786910648962576,
	  1.1626798506051372,
	  2.914152719641034,
	  2.930780602404469,
	  2.920246375084432,
	  2.872374366185247,
	  2.89714733825802,
	  2.2588379866876465
	],
	"TO_IA_YES_PRE_DOWN_UP": [
	  1.0447785676362202,
	  1.1470017898897302,
	  1.121005207947727,
	  1.1099176386746923,
	  1.1601494669290013,
	  1.0917137338881486,
	  2.934267582992058,
	  2.9427863385330943,
	  1.2439170603675769
	],
	"TO_IA_YES_PRE_DOWN_CENTER": [
	  0.9469761294546541,
	  0.9665373091085753,
	  0.9531626057029076,
	  0.983316179138873,
	  0.9789957309106476,
	  0.9960566732772617,
	  2.9299625914491743,
	  2.922312565745164,
	  1.646039644684854
	],
	"TO_IA_YES_PRE_DOWN_DOWN": [
	  0.9494762898731607,
	  0.986774129068678,
	  0.9174768449289639,
	  0.9972985014121951,
	  0.9669114765410842,
	  1.0391887437021277,
	  2.9425323982805796,
	  2.929053006873352,
	  1.7193922436684517
	],
	"TO_IA_NO_PRE_UP_UP": [
	  -0.1049429253575393,
	  -0.0845005397091308,
	  -0.15789614572799998,
	  0.254,
	  0.6054825194496001,
	  0.7148323058462311,
	  -0.3106059730657689,
	  -0.21403699754239996,
	  -0.1333214314582753
	],
	"TO_IA_NO_PRE_UP_CENTER": [
	  0,
	  0,
	  0,
	  0,
	  0,
	  0,
	  0,
	  0,
	  0
	],
	"TO_IA_NO_PRE_UP_DOWN": [
	  0,
	  0,
	  0,
	  0,
	  0,
	  0,
	  0,
	  0,
	  0
	],
	"TO_IA_NO_PRE_CENTER_UP": [
	  0,
	  -0.12142275782455292,
	  0,
	  0,
	  0,
	  0,
	  0,
	  0,
	  0
	],
	"TO_IA_NO_PRE_CENTER_CENTER": [
	  0,
	  0,
	  0,
	  0,
	  0,
	  0,
	  0,
	  0,
	  0
	],
	"TO_IA_NO_PRE_CENTER_DOWN": [
	  0,
	  0,
	  0,
	  0,
	  0,
	  0,
	  0,
	  0,
	  0
	],
	"TO_IA_NO_PRE_DOWN_UP": [
	  0,
	  0,
	  0,
	  0,
	  0,
	  0,
	  0,
	  0,
	  0
	],
	"TO_IA_NO_PRE_DOWN_CENTER": [
	  0,
	  0,
	  0,
	  0,
	  0,
	  0,
	  0,
	  0,
	  0
	],
	"TO_IA_NO_PRE_DOWN_DOWN": [
	  0,
	  0,
	  0,
	  0,
	  0,
	  0,
	  0,
	  0,
	  0
	],
	"TO_OPPONENT_YES_PRE_UP_UP": [
	  2.1430493701994267,
	  2.162517786346923,
	  2.1430462031539745,
	  2.1429700470893986,
	  2.142899971379845,
	  2.1429663148096285,
	  2.143040612529515,
	  2.1430330839206526,
	  2.1430407246881527
	],
	"TO_OPPONENT_YES_PRE_UP_CENTER": [
	  2.1398763223544535,
	  2.1399442987103883,
	  2.1454490805822,
	  2.139923621169305,
	  2.1398887838106524,
	  2.1399171541317115,
	  2.139904974073987,
	  2.139795818056341,
	  2.139924124089754
	],
	"TO_OPPONENT_YES_PRE_UP_DOWN": [
	  2.143130211951519,
	  2.143130543170232,
	  2.1431322523369696,
	  2.143414018502203,
	  2.143139751674498,
	  2.1431232981927715,
	  2.143027101222988,
	  2.1432232065649823,
	  2.1431355258052056
	],
	"TO_OPPONENT_YES_PRE_CENTER_UP": [
	  2.13876106155529,
	  2.1387246661353,
	  2.1387401144344835,
	  2.138698763022167,
	  2.1388708345066334,
	  2.158089671186077,
	  2.1386972086102127,
	  2.1387616036933363,
	  2.1385632594750463
	],
	"TO_OPPONENT_YES_PRE_CENTER_CENTER": [
	  2.1324685431979495,
	  2.13246724119681,
	  2.132613623074171,
	  2.1324701452100525,
	  2.132589354200621,
	  2.1324588783758704,
	  2.1324636468745517,
	  2.146558049944659,
	  2.132463518429059
	],
	"TO_OPPONENT_YES_PRE_CENTER_DOWN": [
	  2.1377242999786192,
	  2.137715749695452,
	  2.137691316290149,
	  2.1377264891166017,
	  2.13772473367793,
	  2.171014489236435,
	  2.1376784245244838,
	  2.137676538276796,
	  2.1376276418784315
	],
	"TO_OPPONENT_YES_PRE_DOWN_UP": [
	  2.144962490295026,
	  2.1450431588655534,
	  2.1450801676314635,
	  2.1467888397149943,
	  2.145068039317921,
	  2.145216073983754,
	  2.1452581278186433,
	  2.1450369020497937,
	  2.1452022594284808
	],
	"TO_OPPONENT_YES_PRE_DOWN_CENTER": [
	  2.1387940735581616,
	  2.1388686853887187,
	  2.1469994705316173,
	  2.1397853408895586,
	  2.1385194920619557,
	  2.139193804263508,
	  2.142344960335668,
	  2.1423695848548343,
	  2.1387884058956077
	],
	"TO_OPPONENT_YES_PRE_DOWN_DOWN": [
	  2.143242716276314,
	  2.143158024411573,
	  2.143250244149482,
	  2.150332214148426,
	  2.143271417441809,
	  2.1432483490806207,
	  2.143049939931271,
	  2.1428421738499446,
	  2.1428269268852467
	],
	"TO_OPPONENT_NO_PRE_UP_UP": [
	  0.5276916774523217,
	  0.6727699123200002,
	  0.7274320101601617,
	  0.4530154484426129,
	  0.37376106240000007,
	  1.0584403697250642,
	  0.7548127470301791,
	  0.6750663777890641,
	  0
	],
	"TO_OPPONENT_NO_PRE_UP_CENTER": [
	  0,
	  0,
	  0,
	  0,
	  0,
	  0.37376106240000007,
	  0,
	  0,
	  0.40898685350092806
	],
	"TO_OPPONENT_NO_PRE_UP_DOWN": [
	  0,
	  0,
	  0,
	  0,
	  0,
	  0,
	  0,
	  0,
	  0
	],
	"TO_OPPONENT_NO_PRE_CENTER_UP": [
	  0,
	  0,
	  0,
	  0,
	  0,
	  0,
	  0,
	  0,
	  0
	],
	"TO_OPPONENT_NO_PRE_CENTER_CENTER": [
	  0,
	  0,
	  0,
	  0,
	  0,
	  0,
	  0,
	  0,
	  0
	],
	"TO_OPPONENT_NO_PRE_CENTER_DOWN": [
	  0,
	  0,
	  0,
	  0,
	  0,
	  0,
	  0,
	  0,
	  0
	],
	"TO_OPPONENT_NO_PRE_DOWN_UP": [
	  0,
	  0,
	  0,
	  0,
	  0,
	  0,
	  0,
	  0,
	  0
	],
	"TO_OPPONENT_NO_PRE_DOWN_CENTER": [
	  0,
	  0,
	  0,
	  0,
	  0,
	  0,
	  0,
	  0,
	  0
	],
	"TO_OPPONENT_NO_PRE_DOWN_DOWN": [
	  0,
	  0,
	  0,
	  0,
	  0,
	  0,
	  0,
	  0,
	  0
	],
	"KICKOFF": [
	  0,
	  0,
	  0,
	  0,
	  0,
	  0,
	  0,
	  0,
	  0
	]
  }