{
  "UP_UP_FAR_YES": [
    -0.530625,
    -0.03687500000000005,
    -0.5,
    -0.5,
    -0.03687500000000005,
    -0.5,
    -0.5,
    -0.03687500000000005,
    0.17746875000000006,
    0,
    0,
    0
  ],
  "UP_UP_FAR_NO": [
    -0.9420239414062501,
    -1.0737533614584287,
    -1.00917365234375,
    -0.7137499999999999,
    -0.975,
    -0.7137499999999999,
    -0.8341932388780895,
    -0.63106148046875,
    -0.975,
    -0.975,
    -0.6392387847506212,
    -0.975
  ],
  "UP_UP_NEAR_YES": [
    0,
    0,
    0,
    0,
    0,
    0,
    0,
    0,
    0,
    0,
    0,
    0
  ],
  "UP_UP_NEAR_NO": [
    0.25,
    0.7762031249999999,
    0.594375,
    0,
    0,
    0,
    0,
    0,
    0,
    0,
    0,
    0
  ],
  "UP_CENTER_FAR_YES": [
    0,
    0,
    0,
    0,
    0,
    0,
    0,
    0,
    0,
    0,
    0,
    0
  ],
  "UP_CENTER_FAR_NO": [
    -1.545,
    -1.545,
    -1.8549375,
    -1.8549375,
    -1.8549375,
    -1.8549375,
    -1.8549375,
    -1.8549375,
    -1.8549375,
    -1.8549375,
    -1.8549375,
    -1.42625
  ],
  "UP_CENTER_NEAR_YES": [
    0,
    0,
    0,
    0,
    0,
    0,
    0,
    0,
    0,
    0,
    0,
    0
  ],
  "UP_CENTER_NEAR_NO": [
    0,
    0,
    0,
    0,
    0,
    0,
    0,
    0,
    0,
    0,
    0,
    0
  ],
  "UP_DOWN_FAR_YES": [
    0,
    0,
    0,
    0,
    0,
    0,
    0,
    0,
    0,
    0,
    0,
    0
  ],
  "UP_DOWN_FAR_NO": [
    -2.0356738907899823,
    -2.162849328430003,
    -1.9524743990400002,
    -2.0060498437499996,
    -1.6610957890625,
    -1.8549375,
    -1.8549375,
    -1.695430758135478,
    -1.619159375,
    -1.718675199008273,
    -1.797003938702133,
    -1.8632592621289064
  ],
  "UP_DOWN_NEAR_YES": [
    0,
    0,
    0,
    0,
    0,
    0,
    0,
    0,
    0,
    0,
    0,
    0
  ],
  "UP_DOWN_NEAR_NO": [
    -0.44632734375,
    -0.5,
    -0.7625,
    -0.5,
    -0.5,
    -0.5,
    -0.5,
    0.4875,
    0,
    0,
    0,
    0
  ],
  "CENTER_UP_FAR_YES": [
    -0.6375,
    -0.5,
    -0.5,
    -0.26249999999999996,
    -0.5,
    -0.5,
    -0.5,
    0,
    0,
    0,
    0,
    0
  ],
  "CENTER_UP_FAR_NO": [
    -0.102334453125,
    -0.7625,
    -0.32862500000000006,
    -0.5,
    -0.26249999999999996,
    -0.5,
    -0.5,
    0.25,
    0,
    0,
    0,
    0
  ],
  "CENTER_UP_NEAR_YES": [
    0,
    0,
    0,
    0,
    0,
    0,
    0,
    0,
    0,
    0,
    0,
    0
  ],
  "CENTER_UP_NEAR_NO": [
    0.713125,
    0,
    0,
    0,
    0,
    0,
    0,
    0,
    0,
    0,
    0,
    0
  ],
  "CENTER_CENTER_FAR_YES": [
    0,
    0,
    0,
    0,
    0,
    0,
    0,
    0,
    0,
    0,
    0,
    0
  ],
  "CENTER_CENTER_FAR_NO": [
    -1.42625,
    -1.3312499999999998,
    -1.275,
    -0.975,
    -1.1780624999999998,
    -0.975,
    -0.975,
    -0.975,
    -0.975,
    -0.975,
    -0.975,
    -0.975
  ],
  "CENTER_CENTER_NEAR_YES": [
    0,
    0,
    0,
    0,
    0,
    0,
    0,
    0,
    0,
    0,
    0,
    0
  ],
  "CENTER_CENTER_NEAR_NO": [
    0.25,
    0,
    0,
    0,
    0,
    0,
    0,
    0,
    0,
    0,
    0,
    0
  ],
  "CENTER_DOWN_FAR_YES": [
    0.25,
    0,
    0,
    0,
    0,
    0,
    0,
    0,
    0,
    0,
    0,
    0
  ],
  "CENTER_DOWN_FAR_NO": [
    -1.1,
    -1.00149609375,
    -1.06443359375,
    -0.975,
    -0.975,
    -1.1780624999999998,
    -0.975,
    -0.975,
    -1.21190625,
    -1.21190625,
    -0.749375,
    -0.975
  ],
  "CENTER_DOWN_NEAR_YES": [
    0.4875,
    0,
    0,
    0,
    0,
    0,
    0,
    0,
    0,
    0,
    0,
    0
  ],
  "CENTER_DOWN_NEAR_NO": [
    -0.75,
    -0.5,
    -0.5,
    0,
    0,
    0,
    0,
    0,
    0,
    0,
    0,
    0
  ],
  "DOWN_UP_FAR_YES": [
    0,
    0,
    0,
    0,
    0,
    0,
    0,
    0,
    0,
    0,
    0,
    0
  ],
  "DOWN_UP_FAR_NO": [
    -0.975,
    -1.0390069921875,
    -1.1973659208379779,
    -0.975,
    -0.975,
    -1.1780624999999998,
    -0.975,
    -1.1780624999999998,
    -0.975,
    -1.11173031685105,
    -0.749375,
    -1.2067424145072998
  ],
  "DOWN_UP_NEAR_YES": [
    0,
    0,
    0,
    0,
    0,
    0,
    0,
    0,
    0,
    0,
    0,
    0
  ],
  "DOWN_UP_NEAR_NO": [
    0.4875,
    0,
    0,
    0,
    0,
    0,
    0,
    0,
    0,
    0,
    0,
    0
  ],
  "DOWN_CENTER_FAR_YES": [
    0,
    0,
    0,
    0,
    0,
    0,
    0,
    0,
    0,
    0,
    0,
    0
  ],
  "DOWN_CENTER_FAR_NO": [
    -3.2182669318912156,
    -2.862019337415778,
    -3.284544845224306,
    -3.018759575396138,
    -2.7749343230240213,
    -2.937558717577148,
    -3.0166270390625005,
    -3.1171701996289065,
    -3.0166270390625005,
    -3.0166270390625005,
    -3.0166270390625005,
    -3.0166270390625005
  ],
  "DOWN_CENTER_NEAR_YES": [
    0,
    0,
    0,
    0,
    0,
    0,
    0,
    0,
    0,
    0,
    0,
    0
  ],
  "DOWN_CENTER_NEAR_NO": [
    0,
    0,
    0,
    0,
    0,
    0,
    0,
    0,
    0,
    0,
    0,
    0
  ],
  "DOWN_DOWN_FAR_YES": [
    0.92746875,
    0,
    0,
    0,
    0,
    0,
    0,
    0,
    0,
    0,
    0,
    0
  ],
  "DOWN_DOWN_FAR_NO": [
    -2.685383197265625,
    -2.302347099929441,
    -2.5911629023437497,
    -2.4057473515625,
    -2.3397520390624997,
    -1.8990810937500002,
    -2.4057473515625,
    -2.262190625,
    -2.262190625,
    -2.262190625,
    -2.262190625,
    -2.522225594930644
  ],
  "DOWN_DOWN_NEAR_YES": [
    0,
    -0.26249999999999996,
    0,
    0,
    0,
    0,
    0,
    0,
    0,
    0,
    0,
    0
  ],
  "DOWN_DOWN_NEAR_NO": [
    -1.604375,
    -1.275,
    -1.0996875,
    -1.1424375,
    -1.42625,
    -1.42625,
    -0.975,
    -0.975,
    -0.975,
    -0.975,
    -0.975,
    -0.975
  ]
}