{
  "TO_IA_POS_ZONE1_PRED_ZONE1": [
    3.7975876461129747,
    3.797570799563174,
    3.8223338448837834,
    3.4831352992006326,
    3.2125336024767237,
    3.22313964121557,
    2.8767470356403386,
    2.1886076707268076,
    -1.9999999999999978
  ],
  "TO_IA_POS_ZONE1_PRED_ZONE2": [
    0.208966920856878,
    0.5413462428646878,
    -1.7653841105143246,
    1.4807294481041666,
    1.4525832186092515,
    0.1696503877409237,
    3.795471772042672,
    3.543249118372463,
    -0.7602494740497446
  ],
  "TO_IA_POS_ZONE1_PRED_ZONE3": [
    -1.9999999999999978,
    -1.999999999994942,
    -1.9999999999999978,
    -1.9999999999999978,
    -1.9891039165363804,
    -1.9999999999891345,
    3.668754389519023,
    3.8093715400338377,
    -1.1963486915053565
  ],
  "TO_IA_POS_ZONE1_PRED_ZONE4": [
    -1.9999999999999978,
    -1.9999999999999978,
    -1.9999999999999978,
    -1.9999999999999978,
    -1.9999999999999978,
    -1.9999999999999978,
    3.6212898152355635,
    3.816403007467466,
    -1.2152685354677126
  ],
  "TO_IA_POS_ZONE1_PRED_ZONE5": [
    -1.9999999999999978,
    -1.9999999999999978,
    -1.9999999999999978,
    -1.9999999999999978,
    -1.9999999999999978,
    -1.9999999999999978,
    3.803029171359017,
    3.59182506914221,
    -1.989471261425321
  ],
  "TO_IA_POS_ZONE1_PRED_ZONE6": [
    -1.9999999999999996,
    -1.9999999999999993,
    -1.999999999999999,
    -1.999999999999999,
    -1.9999999999999984,
    -1.9999999999999984,
    3.765716844378533,
    3.8142389608547536,
    3.7124519090702623
  ],
  "TO_IA_POS_ZONE2_PRED_ZONE1": [
    3.364930442114507,
    3.796720391902069,
    3.824717478711333,
    -1.9999999999995466,
    -1.9999999999999978,
    -1.999998760157116,
    -1.9999999999999996,
    -1.9999999999999996,
    -1.9999999999999993
  ],
  "TO_IA_POS_ZONE2_PRED_ZONE2": [
    3.807088293588596,
    3.7275052619591857,
    -1.8725647052888523,
    3.292794391175966,
    2.531876992382844,
    2.234256134382131,
    1.0791197332128057,
    1.5735360558211096,
    -1.9999999999999978
  ],
  "TO_IA_POS_ZONE2_PRED_ZONE3": [
    -0.33175724712149707,
    -0.5963192054585998,
    -1.9999999999999978,
    -0.37929764025225343,
    -0.1697741825366761,
    0.09884079171942699,
    3.8101926866641813,
    3.4837459964325816,
    -1.8170935626172715
  ],
  "TO_IA_POS_ZONE2_PRED_ZONE4": [
    -1.9999999999999978,
    -1.9999999999999978,
    -1.9999999999999978,
    -1.9297626819003952,
    -1.755970981906358,
    -1.9972077639052843,
    3.7564376527888403,
    3.5253151246297287,
    -1.614669880266141
  ],
  "TO_IA_POS_ZONE2_PRED_ZONE5": [
    -1.9999999999999978,
    -1.9999999999999978,
    -1.9999999999999978,
    -1.9999999999999991,
    -1.9999999999999978,
    -1.9999999999999984,
    3.5484618222623108,
    3.809782778313363,
    -1.386098479593502
  ],
  "TO_IA_POS_ZONE2_PRED_ZONE6": [
    -1.9999999999999987,
    -1.9999999999999996,
    -1.9999999999999996,
    -1.9999999999999978,
    -1.9999999999999978,
    -1.9999999999999978,
    3.6760857084425456,
    3.7900967041627096,
    3.698674160532233
  ],
  "TO_IA_POS_ZONE3_PRED_ZONE1": [
    3.2395697740003495,
    3.7754135237854998,
    3.8028296826749175,
    -1.9999999999999996,
    -1.9999999999999996,
    -1.9999999999999978,
    -1.9999999999999993,
    -1.9999999999999996,
    -1.9999999999999996
  ],
  "TO_IA_POS_ZONE3_PRED_ZONE2": [
    3.8084170073942527,
    3.7648129963348347,
    -0.49113289951660927,
    -1.9999999999999978,
    -1.9999999999999978,
    -1.9999999999999978,
    -1.9999999999999987,
    -1.9999999999999978,
    -1.9999999999999978
  ],
  "TO_IA_POS_ZONE3_PRED_ZONE3": [
    3.811391831870106,
    3.521342675042838,
    -1.9999861341396798,
    3.3931808842645608,
    3.3552963282287447,
    3.4462886825417454,
    3.223627990013723,
    2.771612488228549,
    -1.9992022084706693
  ],
  "TO_IA_POS_ZONE3_PRED_ZONE4": [
    3.1230180802330594,
    1.807318772663696,
    -1.9795362255642033,
    3.3042764604204007,
    3.030522733668894,
    2.925568502832657,
    3.809266551911263,
    3.358696129912884,
    -1.8788455516999372
  ],
  "TO_IA_POS_ZONE3_PRED_ZONE5": [
    -1.9999999999999978,
    -1.9999999999999978,
    -1.9999999999999978,
    -1.9999954346724447,
    -1.9999319812610017,
    -1.9999999999996827,
    3.7916637137437768,
    3.807306893793223,
    -0.8464324257373389
  ],
  "TO_IA_POS_ZONE3_PRED_ZONE6": [
    -1.9999999999999993,
    -1.9999999999999996,
    -1.9999999999999996,
    -1.9999999999999984,
    -1.9999999999999982,
    -1.9999999999999978,
    3.7981953787834355,
    3.80646529831324,
    3.794666867170185
  ],
  "TO_IA_POS_ZONE4_PRED_ZONE1": [
    3.1192588077276646,
    3.8040561400315642,
    3.594902844687649,
    -1.9999999999999978,
    -1.9999999999999978,
    -1.9999999999999978,
    -1.9999999999999996,
    -1.9999999999999996,
    -1.9999999999999996
  ],
  "TO_IA_POS_ZONE4_PRED_ZONE2": [
    3.802427009364256,
    3.670932376230694,
    -0.9590044617129807,
    -1.999999999999999,
    -1.9999999999999978,
    -1.9999999999999978,
    -1.9999999999999978,
    -1.9999999999999984,
    -1.999999999999998
  ],
  "TO_IA_POS_ZONE4_PRED_ZONE3": [
    3.8131850825167426,
    3.6073533194261485,
    -1.4978207777680177,
    -1.9989186358281148,
    -1.9999999999999978,
    -1.9999999999999978,
    -1.9999999999999978,
    -1.9999999999999978,
    -1.9999999999999978
  ],
  "TO_IA_POS_ZONE4_PRED_ZONE4": [
    3.810064568952405,
    3.3590714281927627,
    -1.672309415884167,
    -0.8360149333496424,
    -0.6105651502292438,
    -0.5660274045879397,
    -0.6577412956529507,
    -0.7553709040500413,
    -1.9999999999999978
  ],
  "TO_IA_POS_ZONE4_PRED_ZONE5": [
    2.9959073610861373,
    1.9347144036373003,
    -1.9999999999999978,
    3.4474428008675284,
    3.124516777617399,
    2.7467071167571464,
    3.6246317317970393,
    3.8047621367064193,
    -1.9999980229696086
  ],
  "TO_IA_POS_ZONE4_PRED_ZONE6": [
    -1.9999999999999978,
    -1.9999999999999991,
    -1.9999999999999996,
    -1.9999999999999978,
    -1.9999978177542497,
    -1.9999999999999978,
    3.8052958661403586,
    3.8060964351337234,
    3.8218406197691035
  ],
  "TO_IA_POS_ZONE5_PRED_ZONE1": [
    3.6368553446242347,
    3.7979846314129553,
    3.8019075085265612,
    -1.9999999999999978,
    -1.9999999999999978,
    -1.9999999999999978,
    -1.9999999999999996,
    -1.9999999999999996,
    -1.9999999999999996
  ],
  "TO_IA_POS_ZONE5_PRED_ZONE2": [
    3.807936396347753,
    3.7928981417865995,
    -1.2947381520294523,
    -1.9999999999999978,
    -1.9999999999999978,
    -1.9999999999999978,
    -1.9999999999999978,
    -1.9999999999999978,
    -1.9999999999999978
  ],
  "TO_IA_POS_ZONE5_PRED_ZONE3": [
    3.725940352406662,
    3.8143330595998193,
    -1.555998960481236,
    -1.9999999999999978,
    -1.9999999999999978,
    -1.9999999999999978,
    -1.9999999999999978,
    -1.9999999999999978,
    -1.9999999999999978
  ],
  "TO_IA_POS_ZONE5_PRED_ZONE4": [
    3.8132044903635074,
    3.551480817517305,
    -1.4724869807822978,
    -1.9999838719743848,
    -1.9999999999999978,
    -1.9999999894370588,
    -1.9999999999999978,
    -1.9999999999999978,
    -1.9999999999999978
  ],
  "TO_IA_POS_ZONE5_PRED_ZONE5": [
    3.8130460183728765,
    3.209564750108639,
    -1.252381968990116,
    2.9018871110862503,
    2.8994238776072123,
    3.213270249887841,
    2.9320755002801615,
    2.4495110300939458,
    -1.9806711191149664
  ],
  "TO_IA_POS_ZONE5_PRED_ZONE6": [
    0.8040682368685043,
    0.18083776465954632,
    -1.9999999999999978,
    1.2322812377840568,
    2.197408693585668,
    2.0907056900067027,
    3.80561812642952,
    3.8073085660888935,
    3.8065959550322885
  ],
  "TO_IA_POS_ZONE6_PRED_ZONE1": [
    3.1763024309137706,
    3.8197810215114703,
    3.5280602531280274,
    -1.9999999999999996,
    -1.9999999999999996,
    -1.9999999999999996,
    -1.9999999999999996,
    -1.9999999999999996,
    -1.9999999999999996
  ],