{
	"TO_IA_POS_ZONE1_PRED_ZONE1": [
	  3.797056451864142,
	  3.798347684112607,
	  3.825034799530222,
	  2.5397363654706733,
	  2.569980711981695,
	  2.901186358750646,
	  2.0987906094926134,
	  2.167498132730321,
	  -1.9560947630990189
	],
	"TO_IA_POS_ZONE1_PRED_ZONE2": [
	  0.5707019342590576,
	  0.0782762645547704,
	  -1.695810119142464,
	  0.283533432440519,
	  0.26488693727533297,
	  0.1394219790992854,
	  3.522851410678733,
	  3.6293763233091005,
	  -1.841269270741228
	],
	"TO_IA_POS_ZONE1_PRED_ZONE3": [
	  -1.9999999999999978,
	  -1.9999999999999978,
	  -1.9999999999999978,
	  -1.999999999999936,
	  -1.9999999999999978,
	  -1.9999999999966716,
	  3.815147144819871,
	  3.71602535639509,
	  -1.579664982546012
	],
	"TO_IA_POS_ZONE1_PRED_ZONE4": [
	  -1.9999999999999978,
	  -1.9999999999999978,
	  -1.9999999999999978,
	  -1.9999999999999978,
	  -1.9999999999999978,
	  -1.9999999999999978,
	  3.7109834489504947,
	  3.81856949694044,
	  -0.942006372311331
	],
	"TO_IA_POS_ZONE1_PRED_ZONE5": [
	  -1.9999999999999978,
	  -1.9999999999999978,
	  -1.9999999999999978,
	  -1.9999999999999978,
	  -1.9999999999999978,
	  -1.9999999999999978,
	  3.818514265686693,
	  3.661643730915622,
	  -1.9709605698342034
	],
	"TO_IA_POS_ZONE1_PRED_ZONE6": [
	  -1.9999999999999996,
	  -1.9999999999999996,
	  -1.9999999999999996,
	  -1.9999999999999978,
	  -1.999999999999998,
	  -1.9999999999999987,
	  3.8114197875787625,
	  3.6083745922061228,
	  3.5955758771617474
	],
	"TO_IA_POS_ZONE2_PRED_ZONE1": [
	  3.5074616705283344,
	  3.801107426846304,
	  3.832765672307993,
	  -1.999999999999988,
	  -1.9712104702440325,
	  -1.9999999999999978,
	  -1.9999999999999996,
	  -1.9999999999999996,
	  -1.9999999999999996
	],
	"TO_IA_POS_ZONE2_PRED_ZONE2": [
	  3.8131355621491454,
	  3.5773353303858957,
	  -1.960253240689313,
	  2.1961442019080493,
	  2.068321225412363,
	  2.658297262993862,
	  1.8492233824354294,
	  1.2545470176793423,
	  -1.9999999999999978
	],
	"TO_IA_POS_ZONE2_PRED_ZONE3": [
	  -0.5500135087611765,
	  -0.399694468733151,
	  -1.9999473544048951,
	  0.5485250739471981,
	  0.08775624336877164,
	  1.0154959120448332,
	  3.8158992935868437,
	  3.542504734506128,
	  -1.757667691323855
	],
	"TO_IA_POS_ZONE2_PRED_ZONE4": [
	  -1.9999999999999978,
	  -1.9999999999999978,
	  -1.9999999999999978,
	  -1.9988152697343409,
	  -1.9714953593953866,
	  -1.8558075553774775,
	  3.8143751979535994,
	  3.5588673222503378,
	  -1.04842779040392
	],
	"TO_IA_POS_ZONE2_PRED_ZONE5": [
	  -1.9999999999999978,
	  -1.9999999999999978,
	  -1.9999999999999978,
	  -1.9999999999999996,
	  -1.9999999999999987,
	  -1.9999999999999996,
	  3.587614467184731,
	  3.809776444463469,
	  -1.5559675187180224
	],
	"TO_IA_POS_ZONE2_PRED_ZONE6": [
	  -1.9999999999999991,
	  -1.9999999999999996,
	  -1.9999999999999987,
	  -1.9999999999999978,
	  -1.9999999999999978,
	  -1.9999999999999982,
	  3.627006634754565,
	  3.8171646695720027,
	  3.6773166210467507
	],
	"TO_IA_POS_ZONE3_PRED_ZONE1": [
	  3.5865808877703556,
	  3.593375478216295,
	  3.8042034626267984,
	  -1.9999999999999993,
	  -1.9999999999999984,
	  -1.9999999999999991,
	  -1.9999999999999996,
	  -1.9999999999999996,
	  -1.9999999999999996
	],
	"TO_IA_POS_ZONE3_PRED_ZONE2": [
	  3.807204043650883,
	  3.7970847890778585,
	  -1.4263194781001745,
	  -1.9999999999999978,
	  -1.9999999999999978,
	  -1.9999999999999978,
	  -1.999999999999998,
	  -1.9999999999999978,
	  -1.9999999999999978
	],
	"TO_IA_POS_ZONE3_PRED_ZONE3": [
	  3.8171672479548406,
	  3.387467733165287,
	  -1.8895675929346343,
	  3.527356769310407,
	  2.8173405645257477,
	  3.0218647880307965,
	  2.849489168815881,
	  2.6824537043988967,
	  -1.9999894746794595
	],
	"TO_IA_POS_ZONE3_PRED_ZONE4": [
	  2.5112974900778915,
	  2.86403134412099,
	  -1.876790935104606,
	  2.725466502727208,
	  2.7302684499132086,
	  2.7090592907305284,
	  3.1830739697393304,
	  3.8142617760391064,
	  -1.8239385258819452
	],
	"TO_IA_POS_ZONE3_PRED_ZONE5": [
	  -1.9999999999999978,
	  -1.9999999999999978,
	  -1.9999999999999978,
	  -1.9999999998071492,
	  -1.9957767686534964,
	  -1.9999999999999978,
	  3.8138095786116626,
	  3.7891208954715094,
	  -1.2323575053593996
	],
	"TO_IA_POS_ZONE3_PRED_ZONE6": [
	  -1.9999999999999984,
	  -1.9999999999999978,
	  -1.9999999999999996,
	  -1.9999999999999978,
	  -1.9999999999999978,
	  -1.9999999999999978,
	  3.8140902860962296,
	  3.7766702823154823,
	  3.6232359122338247
	],
	"TO_IA_POS_ZONE4_PRED_ZONE1": [
	  2.870729717290422,
	  3.791679299831245,
	  3.7370459291661957,
	  -1.9999999999999978,
	  -1.9999999999999978,
	  -1.9999999999999978,
	  -1.9999999999999996,
	  -1.9999999999999996,
	  -1.9999999999999996
	],
	"TO_IA_POS_ZONE4_PRED_ZONE2": [
	  3.7909858025602725,
	  3.8177890873755413,
	  -0.5656440084281474,
	  -1.9999999999999978,
	  -1.9999999999999987,
	  -1.9999999999999982,
	  -1.9999999999999978,
	  -1.9999999999999978,
	  -1.9999999999999978
	],
	"TO_IA_POS_ZONE4_PRED_ZONE3": [
	  3.780641531348188,
	  3.5305684984737513,
	  -1.332679705456588,
	  -1.9998869199094595,
	  -1.9999999999999978,
	  -1.999999479192732,
	  -1.9999999999999978,
	  -1.9999999999999978,
	  -1.9999999999956841
	],
	"TO_IA_POS_ZONE4_PRED_ZONE4": [
	  3.8125973908718094,
	  3.5140360089121008,
	  -1.541243273897133,
	  -0.6755506694348291,
	  -0.9146240413552149,
	  -0.03961107482606524,
	  -0.6159604947840672,
	  -1.2010115959464196,
	  -1.9999999999999978
	],
	"TO_IA_POS_ZONE4_PRED_ZONE5": [
	  2.5438488828703205,
	  1.2102763256335027,
	  -1.9997140768889579,
	  3.431443550992505,
	  3.0037508219725835,
	  2.9282947621046302,
	  3.5534297236598755,
	  3.814360864164123,
	  -1.7211127515223121
	],
	"TO_IA_POS_ZONE4_PRED_ZONE6": [
	  -1.9999999999999978,
	  -1.9999999999999978,
	  -1.9999999999999978,
	  -1.9999499764722304,
	  -1.9999999999999978,
	  -1.9990186803734384,
	  3.8151428915044985,
	  3.803069293966038,
	  3.7918986420620318
	],
	"TO_IA_POS_ZONE5_PRED_ZONE1": [
	  3.073489698372806,
	  3.818103249486638,
	  3.5251722171219035,
	  -1.9999999999999978,
	  -1.9999999999999978,
	  -1.9999999999999978,
	  -1.9999999999999996,
	  -1.9999999999999996,
	  -1.9999999999999996
	],
	"TO_IA_POS_ZONE5_PRED_ZONE2": [
	  3.805968424635174,
	  3.7885731585766638,
	  -1.144902988849764,
	  -1.9999999999999978,
	  -1.9999999999999978,
	  -1.9999999999999978,
	  -1.9999999999999978,
	  -1.9999999999999978,
	  -1.9999999999999978
	],
	"TO_IA_POS_ZONE5_PRED_ZONE3": [
	  3.4005686948670855,
	  3.807030071061159,
	  -1.2103871771139434,
	  -1.9999999999999978,
	  -1.9999999999999978,
	  -1.9999999999999978,
	  -1.9999999999999978,
	  -1.9999999999999978,
	  -1.9999999999999978
	],
	"TO_IA_POS_ZONE5_PRED_ZONE4": [
	  3.528672548032382,
	  3.8199736058638583,
	  -1.5807639050797637,
	  -1.9999999999999978,
	  -1.9999999981522323,
	  -1.9999999999991154,
	  -1.9999999999999978,
	  -1.9999999999999978,
	  -1.9999999999999978
	],
	"TO_IA_POS_ZONE5_PRED_ZONE5": [
	  3.8179212590400726,
	  3.3959887479839077,
	  -1.2281531217096995,
	  2.4896402418748,
	  3.505618414094142,
	  3.0625444676341864,
	  2.5268079814618787,
	  2.9991815786648313,
	  -1.9622060102526047
	],
	"TO_IA_POS_ZONE5_PRED_ZONE6": [
	  0.6537454930647209,
	  0.08774625968272227,
	  -1.9999999331098275,
	  1.2702321593622805,
	  1.4856890716880902,
	  1.5423871380607759,
	  3.820068584311233,
	  3.8009990669415408,
	  3.8010107542151834
	],
	"TO_IA_POS_ZONE6_PRED_ZONE1": [
	  2.9849855596409145,
	  3.8096569176073025,
	  3.5170500771262447,
	  -1.9999999999999996,
	  -1.9999999999999996,
	  -1.9999999999999996,
	  -1.9999999999999996,
	  -1.9999999999999996,
	  -1.9999999999999996
	],
	"TO_IA_POS_ZONE6_PRED_ZONE2": [
	  3.7854976049549873,
	  3.814532568452957,
	  -1.999999871701904,
	  -1.9999999999999978,
	  -1.9999999999999978,
	  -1.9999999999999978,
	  -1.9999999999999978,
	  -1.9999999999999978,
	  -1.9999999999999978
	],